CREATE DATABASE ALUMNOS
USE ALUMNOS


CREATE TABLE ALUMNOS
(
    DNI VARCHAR(10) NOT NULL,
    APENOM VARCHAR(30),
    DIREC VARCHAR(30),
    POBLA VARCHAR(15),
    TELEF VARCHAR(10)
);

CREATE TABLE ASIGNATURAS
(
    COD INT NOT NULL,
    NOMBRE VARCHAR(25)
);

CREATE TABLE NOTAS
(
    DNI VARCHAR(10) NOT NULL,
    COD INT NOT NULL,
    NOTA INT
);

INSERT INTO ASIGNATURAS (COD, NOMBRE) VALUES (1, 'Prog. Leng. Estr.');
INSERT INTO ASIGNATURAS (COD, NOMBRE) VALUES (2, 'Sist. Informáticos');
INSERT INTO ASIGNATURAS (COD, NOMBRE) VALUES (3, 'Análisis');
INSERT INTO ASIGNATURAS (COD, NOMBRE) VALUES (4, 'FOL');
INSERT INTO ASIGNATURAS (COD, NOMBRE) VALUES (5, 'RET');
INSERT INTO ASIGNATURAS (COD, NOMBRE) VALUES (6, 'Entornos Gráficos');
INSERT INTO ASIGNATURAS (COD, NOMBRE) VALUES (7, 'Aplic. Entornos 4ªGen');

INSERT INTO ALUMNOS (DNI, APENOM, DIREC, POBLA, TELEF) VALUES
('12344345', 'Alcalde García, Elena', 'C/Las Matas, 24', 'Madrid', '917766545');

INSERT INTO ALUMNOS (DNI, APENOM, DIREC, POBLA, TELEF) VALUES
('4448242', 'Cerrato Vela, Luis', 'C/Mina 28 - 3A', 'Madrid', '916566545');

INSERT INTO ALUMNOS (DNI, APENOM, DIREC, POBLA, TELEF) VALUES
('56882942', 'Díaz Fernández, María', 'C/Luis Vives 25', 'Móstoles', '915577545');

INSERT INTO NOTAS (DNI, COD, NOTA) VALUES ('12344345', 1, 6);
INSERT INTO NOTAS (DNI, COD, NOTA) VALUES ('12344345', 2, 5);
INSERT INTO NOTAS (DNI, COD, NOTA) VALUES ('12344345', 3, 6);

INSERT INTO NOTAS (DNI, COD, NOTA) VALUES ('4448242', 4, 6);
INSERT INTO NOTAS (DNI, COD, NOTA) VALUES ('4448242', 5, 8);
INSERT INTO NOTAS (DNI, COD, NOTA) VALUES ('4448242', 6, 4);
INSERT INTO NOTAS (DNI, COD, NOTA) VALUES ('4448242', 7, 5);

INSERT INTO NOTAS (DNI, COD, NOTA) VALUES ('56882942', 5, 7);
INSERT INTO NOTAS (DNI, COD, NOTA) VALUES ('56882942', 6, 8);
INSERT INTO NOTAS (DNI, COD, NOTA) VALUES ('56882942', 7, 9);

SELECT * FROM ALUMNOS
SELECT * FROM ASIGNATURAS
SELECT * FROM NOTAS